<?xml version="1.0" encoding="UTF-8"?>
<project-private xmlns="http://www.netbeans.org/ns/project-private/1">
    <editor-bookmarks xmlns="http://www.netbeans.org/ns/editor-bookmarks/2" lastBookmarkId="0"/>
    <open-files xmlns="http://www.netbeans.org/ns/projectui-open-files/2">
        <group>
            <file>file:/home/fred/NetBeansProjects/nsano/src/java/com/nsano/uat/test.java</file>
            <file>file:/home/fred/NetBeansProjects/nsano/src/java/com/nsano/uat/Imtservlet.java</file>
            <file>file:/home/fred/NetBeansProjects/nsano/src/java/com/nsano/uat/TransactionStatus.java</file>
            <file>file:/home/fred/NetBeansProjects/nsano/src/java/com/nsano/uat/credit.java</file>
        </group>
    </open-files>
</project-private>
